c	c	문재 의원 소환 유신독재 일련 과정 김기춘 비서실장 거론 만 일 윤석열 지청 장 중징계 조영곤 지검장 면죄부 결정 대검 철창 감찰 위원회 의견 무시 채 것 이 번 결정 누구
c	c	【서울=뉴시스】박대 기 민주 당 정청래 의원 통합 진보당 이정희 대표 박근혜 씨 발언 논란 관련 환생 경제 연극 예 박근혜 대통령 새누리당 비난 것 12 일 의원 전날 자신 트위터
c	c	【수원=뉴시스】노수정 기 내란음모 혐의 기소 통합 진보당 이석기 의원 첫 공판 검찰 변호인단 지하 혁명조직 RO 실체 공방 12 일 오후 수원지 법 형사12부(부장판사 김정운) 심리
e	e	리 누드 사진 유출 논란 지 이틀 만 한국 이 날 리 누드 유출 사건 공식입장 언급 채 묵묵부답 일관 공항 이후 리 14 일 진행
c	c	핵ㆍ미사 불용…역사퇴행적 언동 우려 (서울=연합뉴스) 김남권 기 박근혜 대통령 13 일 공식 방한 한 블라디미르 푸틴 러시아 대통령 정상회담 '유라시아 이니셔티브' 관련 협력 한 반 평화 구축 양국 노력
e	e	연출 김정호 장준호) 속 임예진 하차 소식 추 연장 설 직후 다음 아고라 이슈 청원 게시판 오로라 공주 연장 반대 종영 요구 제목 청원 게재 청원 화제 포털사이트 실시간 검색어
c	c	【서울=뉴시스】이국현 기 새누리당 최경환 원내 대표 13 일 국회 선진화 법 개정안 마련 시 내 출하 최 원내 대표 이 날 오전 여의 새누리당 당사 최고 중진 연석회의 참석 의회 민주주의 원리
c	c	기 김진태 검찰총장 후보자 13 병역면제 삼성 특혜 입사 등 아들 관련 의혹 반박 후보자 이 날 오전 국회 인사 청문회 출석 아들 삼성 특혜 입사 의혹 민주 당 박범계 의원 질의 대학생 들 선호 제1직장 삼성 아들 경영학 부 1 학년 때 공부 데 첫 응시 때 면접 인턴 떨어졌다"며 공부 필기 면접 합격 설명 그 지금 아들 근무 곳 대 한 곳 지망 사람 강조 아들 사구체 신염 병역면제 것 후보자 "코이카 시험 과정 소변 피 재검 통보 재검 마찬가지였다"며 직후 코이카 불합격 사구체 신염 현역 해명
c	c	(서울=연합뉴스) 송수경 강건 택 박경준 기 김진태 검찰총장 후보자 13 일 국회 법제 사법위원회 인사 청문회 삼성 떡값 아들 병역 의혹 '윤석열 사태 등 치열 공방
e	e	윤정수 파산 신청 사실 가운데 윤정수 과거 발언 주목 11월12 법조계 등 개그맨 윤정수 서울중앙지방법원 개인 파산 신청 윤정수 과거 방송 경매 집 심경
c	c	문형 표 복지장관 후보 적정 범위 내 담뱃값 인상 필요 (서울=연합뉴스) 신호 경 기 국민 건강 보호 세수 부족 등 배경 정부 여당 내 2004 년 이후 담뱃값 인상 론 주목 일 단 현오석
e	e	십 여명 IP 주소 들 증거 등 경찰 최종 기소 악플러 4 명 불과 2 세 불쌍 백지 영 담배 나 자업자득 등 모욕감 글 유산 백지 영
s	s	설정 지 이 날 오후 올해 FA 1 호 수 강민호 원소속구단 롯데 4 년 총액 75 억 원 잔류 공식 선언 때문 강민호 계약조건 그간 협상 과정 추정 액 흡사 전체 FA 시장 파괴력
c	c	KTX 산천 304km 속도 운행 하이옌 상상 초월 속도임ㄷㄷㄷ 태풍 필리핀 중부 도시 타클로반 강타 1 2 천 명 사상자 1 천 만여 명 이재민 발생 인도차이 반도 중국 남부 지방
c	c	원출처 본인 글 경우 부분 삭제 앵커 민망 소식인데요, 한국관광 공사 이참 사 장 일 본 성 퇴폐 업소 향응 폭 사정 기관 확인 서복현 기자
c	c	일자리 현장 학계 반응 전문가 들 주부 등 취업 유도 해 고령화 사회 인력 부족 대비 시간제 일자리 창출 필요 면 정부 일자리 수치 목표 채 현장 발생 수 등 주목
s	s	러시아 피겨스케이팅 대모 아사 마오 전 코치 유명 타티아 타라소바(66) 김연아 극찬 지도 은퇴 선언 타라소바 10일(한국시각) 러시아 이타르타스 통신과 인터뷰 2014 년 러시아 소치 동계올림픽
c	c	말 이 전교조 허무맹랑 한 수사 반발 김정훈 전교조 위원장 법원 전교조 법외노조 통보 효력 정지 가처분 신청 날 수사 것 전형 적 물타기 비판 위원장 전교조
c	c	성대 치루 것 현대 차 방침 13 일 현대 차 현대 차 26 일 서울 하얏트호텔 그랜드볼룸 신형 제네시스 출시 행사 현대 차 기아차 그동안 에쿠스, 제네시스, K9 등 사 최고급 모델 들 호텔
c	c	사이즈 탈피 다양 실험 말 다양 실험 중 눈 것 XL 사이즈 발매 아베크롬비 1892 년 창업자 데이비드 T 아베크롬비 상 탈의·젊 백 남성 모델 이래 엑스스몰
e	e	서태지 공식입장 '서태지 공식입장 가수 서태지 측이 논란 밴드 로맨틱 펀치 너 무대 발언 관련 해 공식 입장 서태지컴퍼니 측은 13 일 공식 홈페이지 공개 모 밴드 저작권 저작 인격 권 침해 관련
s	s	12 일 원 소속 구단 삼성 라이온즈 계약 합의 구단 사정 한 관계자 삼성 박한 FA 계약 합의했다"며 구체 적 조건 양측 만족 만 한 액수 부산 고 동국대
e	e	JYJ 악플러 고소 소식 악플러와 전쟁 선언 스타 들 주목 악플러 스타 들 대응 방법 악플 수준 날 강경 대응 추세 ◆ 타협 강경 대응
e	e	유도 해 자유투 기회 그 자유투 첫 득점 순간 예체능 팀 희망 서지 석 농구 실력 눈길 것 그 더블클러치 슛 덕분 서지 석 수 실력 상대편 능숙
c	c	뉴시스】박광 박준 기 12 일 저녁 경북 영덕군 비행 중 실종 한서 대 소속 훈련 용 경비행기 추락 채 발견 탑승자 3 명 것 확인 13 일 경북지방경찰청 등 이 날 오전 7시35분께 경북
s	s	사실 확인 수원 구단 관계자 13 일 정대 세가 다음 달 결혼식 말 내용 인정 정 세 결혼 당사자 들 최측근 정도 비밀리 진행 수원 동료 선수 여자 친구 것
c	c	연합 뉴스 김병규 기 KT 이사회 12 일 서울 서초구 KT서초사옥 회의 이 날 제출 이석채 회장 사표 수리 이사회 이 표현 명 T & C 텔레콤 & 컨버전스) 부문 사 장 회장 직무 대리 임명
e	e	기 전도 연 동안 비결 공개 11 월 13 일 방송 SBS 한밤 TV 연예 고수 선배 님 주름 매력 적 전도 연 매력 공개 전도 연 동안 비결 동안 타고나는거 아니냐"며
c	c	【춘천=뉴시스】조명규 기 새누리당 김진태 의원 프랑스 파리 시위 발언 논란 지역구 확산 정의 당 강원 춘천시 위원회 13 일 김진태 의원 사과 의원직 사퇴 요구 성명 발표 정의 당 춘천시 의회 대통령
c	c	최고위 원 "김무성 의원 무성의 지탄 수 없다"며 구차 졸렬 변명 분 차 대선 현실 개탄 말 같은당 진선미 의원 국정 원 대선 개입 김용판 전 서울경찰청장 허위 수사결과 발표 이후 12 개월 지 관련 사람 생각 된다"며 코미디 중 코미디 국회의원 사실 말 정의 당 천 호 대표 국회 상무위원회 만 하나 의원 술 사실 그것 범죄 앞 검찰 문제 엄정 수사 정의 당 두 눈 말 의원 이 날 오전 9 시간 조사
c	c	추 수사 과정 지시 불이행 이유 중징계 청구 윤석열 전 특별수사팀장(여주지청장) 징계 형평성 논란 증폭 가운데 최종 징계 여부 수위 결정 지 관심 14 일 법조계
c	c	국회 선진화 법 무력화 라 제목 속사정 ▶새누리당 국회 선진화 법 폐 것 ↑ 새누리당 최경환 원내 대표 황진환 기 자료사진 폐지 개정 라 답변
e	e	[티브이데일리 김유민 기 상속자 김우빈 박신혜 짝사랑 시작 처음 수 영도 사랑 유치 눈길 13 일 방송 SBS 수목드라마 왕관
s	s	중 하나 한화 최대 아킬레스건 포수 포지션 보강 찬스 때문 강민호 13 일 4 년 총액 75 억 원 원소속팀 롯데 재계약 포수 품귀 시대 시장 75 억 원 이상 수
e	e	퇴출 제목 청원 게재 작 임성한 퇴출 운동 것 1,000,000 명 목표 청원 49 일 상황 8,400 명 이상 서명 오로라 공주 관련 청원 다양
c	c	데 주력 한 반면 야당 삼성 떡값 의혹 낙마 청문 경과보고 부적 격 염두 후보자 도덕성 문제 겨냥 것 역력 ↑ 김진태(아래) 검찰총장 후보자 13 일 오후 국회
c	c	동료 선교사 들 상대 이 소재 확인 11 일 영사 1 명 현지 행정 원 1 명 타클로반 급파 예정 필리핀 사망자 1 명 슈퍼 태풍 곳곳 시 세계 각국 애도 물결 구호 지원 미국은
c	c	일자리 현장 학계 반응 전문가 들 주부 등 취업 유도 해 고령화 사회 인력 부족 대비 시간제 일자리 창출 필요 면 정부 일자리 수치 목표 채 현장 발생 수 등 주목
c	c	원출처 본인 글 경우 부분 삭제 앵커 민망 소식인데요, 한국관광 공사 이참 사 장 일 본 성 퇴폐 업소 향응 폭 사정 기관 확인 서복현 기자
c	c	말 이 전교조 허무맹랑 한 수사 반발 김정훈 전교조 위원장 법원 전교조 법외노조 통보 효력 정지 가처분 신청 날 수사 것 전형 적 물타기 비판 위원장 전교조
e	e	서태지 공식입장 '서태지 공식입장 가수 서태지 측이 논란 밴드 로맨틱 펀치 너 무대 발언 관련 해 공식 입장 서태지컴퍼니 측은 13 일 공식 홈페이지 공개 모 밴드 저작권 저작 인격 권 침해 관련
s	s	브라 질 월드컵 대륙간 플레이오프 1 차 5 -0 대승 FIFA 랭킹 6 위 세계 적 강호 우루과 경기 초반 요르단 계속 공격 전반 23 분 첫 결실 쪽 크로스 카바니
s	s	축하 일 K 리그 입성 결정 때 박수 필요 일 사진= MK 스포츠 DB 정 세 결혼 K 리그 결정 뉴스 2013 년 1 월 대한축구협회 식 정대 세가 수원 유니폼 입
c	c	보험 왕 비결 사업가 20 년 동안 무자료 거래 탈세 해 200 억 원 비과세 보험 수백 개 계좌 유치 한 거 사업가 탈세 번 돈 세탁 이 비과세 혜택 설계사 실적 거액 인센티브 누 매부 식 설계사 사업가 보험 가입 대가 현금 등 3 억 원 금품 제공 경찰 리베이트 라 규정 [박강용 특수수사 2팀장 보험가입 것 수 수당 직결 이 각종 인센티브 제공 때문 현금 등 제공 것 경찰 설계사 만 기 보험금 60 억 원 횡령 개 용도 혐의 구속영장 신청
c	c	성대 치루 것 현대 차 방침 13 일 현대 차 현대 차 26 일 서울 하얏트호텔 그랜드볼룸 신형 제네시스 출시 행사 현대 차 기아차 그동안 에쿠스, 제네시스, K9 등 사 최고급 모델 들 호텔
c	c	사이즈 탈피 다양 실험 말 다양 실험 중 눈 것 XL 사이즈 발매 아베크롬비 1892 년 창업자 데이비드 T 아베크롬비 상 탈의·젊 백 남성 모델 이래 엑스스몰
e	e	법원 빚 탕감 신청 제도 13 일 매체 법조계 인용 윤정수 서울중앙지방법원 개인 파산 신청 보도 윤정수 사업 실패 빚 보증 문제 등 10 억 원 부채 것
s	s	것 호소 2010 년 7 월 유니세프 국제친선 대사 임명 김연아 임명 전 1 월 아이 티 지진 구호 기금 1 억 원 유니세프 기부 2011 년 5 월 세계선수권 준우승 상금 일 본 피해지역 어린이 들
e	e	남자 친구 실명 실수 폭소케 13 일 방송 MBC 황금 어장 라디오 스타 웃픈 남녀 특집 배우 임창정, 정성 화 마술사 최현우, 개그우먼 맹승지 등 출연 가운데 맹승지 유명 개그맨 연인 사이 것
e	e	유도 해 자유투 기회 그 자유투 첫 득점 순간 예체능 팀 희망 서지 석 농구 실력 눈길 것 그 더블클러치 슛 덕분 서지 석 수 실력 상대편 능숙
c	c	갈비뼈16개 만큼 구타ㅡ욕실에들어가게해 울산 계모 사건 네이버 카페 하늘 소풍간아 출처 그동네 주민 학부모를비롯 서명운동 탄원서 진행 중 우리나라 아동학대 법 1961 년 전쟁고아보호를위해만들어진것이라 ㅡ애 맞아죽어
e	e	JYJ 악플러 고소 소식 악플러와 전쟁 선언 스타 들 주목 악플러 스타 들 대응 방법 악플 수준 날 강경 대응 추세 ◆ 타협 강경 대응
c	c	기 한국 방문 중 블라디미르 푸틴 러시아 대통령 박근혜 대통령 정상회담 30 분 지각 13 일 청와대 푸틴 대통령 일 행 당초 오후 1 시 청와대 도착 30 분 정상회담 협정 서명 식
e	e	서인국 박은영 [티브이데일리 박진 영 기 서인국 박은영 남자 눈 폭로 13 일 방송 KBS2 '맘마미아' 서인국 특별 MC 출연 이 날 박은영 눈 것 여자 1 위 등극
e	e	기 전도 연 동안 비결 공개 11 월 13 일 방송 SBS 한밤 TV 연예 고수 선배 님 주름 매력 적 전도 연 매력 공개 전도 연 동안 비결 동안 타고나는거 아니냐"며
c	c	【춘천=뉴시스】조명규 기 새누리당 김진태 의원 프랑스 파리 시위 발언 논란 지역구 확산 정의 당 강원 춘천시 위원회 13 일 김진태 의원 사과 의원직 사퇴 요구 성명 발표 정의 당 춘천시 의회 대통령
c	c	기 김무성 새누리당 의원 2007 년 남북정상회담 대화 록 유출 의혹 회의록 일 없다"며 자신 문건 사설정보지(찌라시)라 해명 사설 정보 업체 들 사실 반박 의원 13 검찰 소환 조사
c	c	추 수사 과정 지시 불이행 이유 중징계 청구 윤석열 전 특별수사팀장(여주지청장) 징계 형평성 논란 증폭 가운데 최종 징계 여부 수위 결정 지 관심 14 일 법조계
c	c	국회 선진화 법 무력화 라 제목 속사정 ▶새누리당 국회 선진화 법 폐 것 ↑ 새누리당 최경환 원내 대표 황진환 기 자료사진 폐지 개정 라 답변
e	e	[티브이데일리 김유민 기 상속자 김우빈 박신혜 짝사랑 시작 처음 수 영도 사랑 유치 눈길 13 일 방송 SBS 수목드라마 왕관
s	s	설정 지 이 날 오후 올해 FA 1 호 수 강민호 원소속구단 롯데 4 년 총액 75 억 원 잔류 공식 선언 때문 강민호 계약조건 그간 협상 과정 추정 액 흡사 전체 FA 시장 파괴력
e	e	퇴출 제목 청원 게재 작 임성한 퇴출 운동 것 1,000,000 명 목표 청원 49 일 상황 8,400 명 이상 서명 오로라 공주 관련 청원 다양
c	c	데 주력 한 반면 야당 삼성 떡값 의혹 낙마 청문 경과보고 부적 격 염두 후보자 도덕성 문제 겨냥 것 역력 ↑ 김진태(아래) 검찰총장 후보자 13 일 오후 국회
c	c	이 리 무엇 설득 한단 말 필리핀 주요 언론 마닐라 타임스 로베르트손 라미레스 슈퍼 태풍 하이옌 최악 피해 입 타클로반 출신 고향 태풍 강타 소식 뒤 애타
c	c	시간제 공무원 채용 시간제 공무원 자격 시간제 일자리 시간 선택 제 일자리 채용박람회 2017 년 공무원 4 천여 명 중앙 공공기관 직원 9 천 명 분 시간제 공무원 채용 정부 13 경제장관 회의 시간 선택 제 일자리 활성화
c	c	원출처 본인 글 경우 부분 삭제 앵커 민망 소식인데요, 한국관광 공사 이참 사 장 일 본 성 퇴폐 업소 향응 폭 사정 기관 확인 서복현 기자
c	c	(수원=연합뉴스) 이영주 기 두 조각 아이 들 배 전국학교비정규직연대회 경기 지부 경고파업 돌입 14 일 수원 A 초등학교 오후 12 시 10 분 점심 학교 종이 학생 들 급식 실
c	c	말 이 전교조 허무맹랑 한 수사 반발 김정훈 전교조 위원장 법원 전교조 법외노조 통보 효력 정지 가처분 신청 날 수사 것 전형 적 물타기 비판 위원장 전교조
e	e	서태지 공식입장 '서태지 공식입장 가수 서태지 측이 논란 밴드 로맨틱 펀치 너 무대 발언 관련 해 공식 입장 서태지컴퍼니 측은 13 일 공식 홈페이지 공개 모 밴드 저작권 저작 인격 권 침해 관련
s	s	브라 질 월드컵 대륙간 플레이오프 1 차 5 -0 대승 FIFA 랭킹 6 위 세계 적 강호 우루과 경기 초반 요르단 계속 공격 전반 23 분 첫 결실 쪽 크로스 카바니
e	e	방송 비밀 15 회 서로 이별 조민혁 강유 정 모습 강유 정 가족 행복 조민혁 K 그룹 후계자 자리 조민혁 자신 모습 강유 정 강유 정 이별 조민혁 강유 정 이별 여행 끝 각자 길 시작 이때 조민혁 강유 정 마지막 책 자기앞
c	c	보험 왕 비결 사업가 20 년 동안 무자료 거래 탈세 해 200 억 원 비과세 보험 수백 개 계좌 유치 한 거 사업가 탈세 번 돈 세탁 이 비과세 혜택 설계사 실적 거액 인센티브 누 매부 식 설계사 사업가 보험 가입 대가 현금 등 3 억 원 금품 제공 경찰 리베이트 라 규정 [박강용 특수수사 2팀장 보험가입 것 수 수당 직결 이 각종 인센티브 제공 때문 현금 등 제공 것 경찰 설계사 만 기 보험금 60 억 원 횡령 개 용도 혐의 구속영장 신청
s	s	것 호소 2010 년 7 월 유니세프 국제친선 대사 임명 김연아 임명 전 1 월 아이 티 지진 구호 기금 1 억 원 유니세프 기부 2011 년 5 월 세계선수권 준우승 상금 일 본 피해지역 어린이 들
s	s	축하 일 K 리그 입성 결정 때 박수 필요 일 사진= MK 스포츠 DB 정 세 결혼 K 리그 결정 뉴스 2013 년 1 월 대한축구협회 식 정대 세가 수원 유니폼 입
c	c	성대 치루 것 현대 차 방침 13 일 현대 차 현대 차 26 일 서울 하얏트호텔 그랜드볼룸 신형 제네시스 출시 행사 현대 차 기아차 그동안 에쿠스, 제네시스, K9 등 사 최고급 모델 들 호텔
e	e	남자 친구 실명 실수 폭소케 13 일 방송 MBC 황금 어장 라디오 스타 웃픈 남녀 특집 배우 임창정, 정성 화 마술사 최현우, 개그우먼 맹승지 등 출연 가운데 맹승지 유명 개그맨 연인 사이 것
c	c	사이즈 탈피 다양 실험 말 다양 실험 중 눈 것 XL 사이즈 발매 아베크롬비 1892 년 창업자 데이비드 T 아베크롬비 상 탈의·젊 백 남성 모델 이래 엑스스몰
e	e	법원 빚 탕감 신청 제도 13 일 매체 법조계 인용 윤정수 서울중앙지방법원 개인 파산 신청 보도 윤정수 사업 실패 빚 보증 문제 등 10 억 원 부채 것
e	e	유도 해 자유투 기회 그 자유투 첫 득점 순간 예체능 팀 희망 서지 석 농구 실력 눈길 것 그 더블클러치 슛 덕분 서지 석 수 실력 상대편 능숙
c	c	갈비뼈16개 만큼 구타ㅡ욕실에들어가게해 울산 계모 사건 네이버 카페 하늘 소풍간아 출처 그동네 주민 학부모를비롯 서명운동 탄원서 진행 중 우리나라 아동학대 법 1961 년 전쟁고아보호를위해만들어진것이라 ㅡ애 맞아죽어
e	e	JYJ 악플러 고소 소식 악플러와 전쟁 선언 스타 들 주목 악플러 스타 들 대응 방법 악플 수준 날 강경 대응 추세 ◆ 타협 강경 대응
c	c	기 한국 방문 중 블라디미르 푸틴 러시아 대통령 박근혜 대통령 정상회담 30 분 지각 13 일 청와대 푸틴 대통령 일 행 당초 오후 1 시 청와대 도착 30 분 정상회담 협정 서명 식
e	e	서인국 박은영 [티브이데일리 박진 영 기 서인국 박은영 남자 눈 폭로 13 일 방송 KBS2 '맘마미아' 서인국 특별 MC 출연 이 날 박은영 눈 것 여자 1 위 등극
e	e	기 전도 연 동안 비결 공개 11 월 13 일 방송 SBS 한밤 TV 연예 고수 선배 님 주름 매력 적 전도 연 매력 공개 전도 연 동안 비결 동안 타고나는거 아니냐"며
c	c	의원 11 월 13 일 오후 3 시 검찰 출두 9 시간 조사 귀가 이 날 검찰 조사 김무성 의원 개 적 대화 록 적 강조 700 자 내용 부산
c	c	추 수사 과정 지시 불이행 이유 중징계 청구 윤석열 전 특별수사팀장(여주지청장) 징계 형평성 논란 증폭 가운데 최종 징계 여부 수위 결정 지 관심 14 일 법조계
c	c	국회 선진화 법 무력화 라 제목 속사정 ▶새누리당 국회 선진화 법 폐 것 ↑ 새누리당 최경환 원내 대표 황진환 기 자료사진 폐지 개정 라 답변
s	s	설정 지 이 날 오후 올해 FA 1 호 수 강민호 원소속구단 롯데 4 년 총액 75 억 원 잔류 공식 선언 때문 강민호 계약조건 그간 협상 과정 추정 액 흡사 전체 FA 시장 파괴력
e	e	퇴출 제목 청원 게재 작 임성한 퇴출 운동 것 1,000,000 명 목표 청원 49 일 상황 8,400 명 이상 서명 오로라 공주 관련 청원 다양
c	c	국민 일보 인터뷰 부모 소식 이주민 안타깝다"며 눈시울 8 일 9 타클로반 등 필리핀 중부 지역 강타 한 초대 형 태풍 하이옌 의원 생각 지도 태풍 피해 정신 마음
c	c	일자리 현장 학계 반응 전문가 들 주부 등 취업 유도 해 고령화 사회 인력 부족 대비 시간제 일자리 창출 필요 면 정부 일자리 수치 목표 채 현장 발생 수 등 주목
c	c	데 주력 한 반면 야당 삼성 떡값 의혹 낙마 청문 경과보고 부적 격 염두 후보자 도덕성 문제 겨냥 것 역력 ↑ 김진태(아래) 검찰총장 후보자 13 일 오후 국회
c	c	리 눈물 14 리 서울 올림픽공원 체조경기장 2013 멜론 뮤직 어워드'(2013 MMA MC 이유 비 엑소) 참가 신승 훈 노래 눈물 눈물 리 모습 “
c	c	원출처 본인 글 경우 부분 삭제 앵커 민망 소식인데요, 한국관광 공사 이참 사 장 일 본 성 퇴폐 업소 향응 폭 사정 기관 확인 서복현 기자
e	e	방송 비밀 15 회 서로 이별 조민혁 강유 정 모습 강유 정 가족 행복 조민혁 K 그룹 후계자 자리 조민혁 자신 모습 강유 정 강유 정 이별 조민혁 강유 정 이별 여행 끝 각자 길 시작 이때 조민혁 강유 정 마지막 책 자기앞
e	e	뉴스 이지숙 기 응답 1994 여수 소녀 도희 '명동 프리허그' 공약 실천 도희 11 월 14 일 오후 2 시 서울 중구 명동 프리허그 이벤트 도희 10 월 16 응답 1994 공식
c	c	(수원=연합뉴스) 이영주 기 두 조각 아이 들 배 전국학교비정규직연대회 경기 지부 경고파업 돌입 14 일 수원 A 초등학교 오후 12 시 10 분 점심 학교 종이 학생 들 급식 실
s	s	지역 어린이 들 전달 하기 유니세프 관계자 기자 전화통화 외부 김연아 수 기부 사실 "(김연 수 기부 횟수 숫자 것
c	c	말 이 전교조 허무맹랑 한 수사 반발 김정훈 전교조 위원장 법원 전교조 법외노조 통보 효력 정지 가처분 신청 날 수사 것 전형 적 물타기 비판 위원장 전교조
e	e	죄송 면 내 녹화 준비중으로바쁜 상황 심경 새 맹승지 13 일 MBC `황금어장-라디오스타` 출연 전 남자 친구 인기 개그맨이었다"며 내
c	c	보험 왕 비결 사업가 20 년 동안 무자료 거래 탈세 해 200 억 원 비과세 보험 수백 개 계좌 유치 한 거 사업가 탈세 번 돈 세탁 이 비과세 혜택 설계사 실적 거액 인센티브 누 매부 식 설계사 사업가 보험 가입 대가 현금 등 3 억 원 금품 제공 경찰 리베이트 라 규정 [박강용 특수수사 2팀장 보험가입 것 수 수당 직결 이 각종 인센티브 제공 때문 현금 등 제공 것 경찰 설계사 만 기 보험금 60 억 원 횡령 개 용도 혐의 구속영장 신청
c	c	성대 치루 것 현대 차 방침 13 일 현대 차 현대 차 26 일 서울 하얏트호텔 그랜드볼룸 신형 제네시스 출시 행사 현대 차 기아차 그동안 에쿠스, 제네시스, K9 등 사 최고급 모델 들 호텔
s	s	축하 일 K 리그 입성 결정 때 박수 필요 일 사진= MK 스포츠 DB 정 세 결혼 K 리그 결정 뉴스 2013 년 1 월 대한축구협회 식 정대 세가 수원 유니폼 입
c	c	이 날 박 전 대통령 생가 박정희대통령 96 회 탄신 제 김관용 경북도지사, 김태환 국회의원 남유진 구미시장 임춘구 구미 시의회 의장 현경대 민주 평화통일 자문회의 수석 부의장 등 1 천 명 참석 박 전 대통령의 딸
c	c	갈비뼈16개 만큼 구타ㅡ욕실에들어가게해 울산 계모 사건 네이버 카페 하늘 소풍간아 출처 그동네 주민 학부모를비롯 서명운동 탄원서 진행 중 우리나라 아동학대 법 1961 년 전쟁고아보호를위해만들어진것이라 ㅡ애 맞아죽어
c	c	기 한국 방문 중 블라디미르 푸틴 러시아 대통령 박근혜 대통령 정상회담 30 분 지각 13 일 청와대 푸틴 대통령 일 행 당초 오후 1 시 청와대 도착 30 분 정상회담 협정 서명 식
c	c	회수 15 억 원 과정 심부름 참여 고백 하상 옥 전 장 회견 교주 계명 마음 수 목회자 수 것 14 년 전 수차례 조 목사 님 회개 위대 한 목회자 것 설득 비리 계속 외부 공개 수 말 회견장 조 목사 지지자 들 우리 조 목사 님 욕보이느냐"며 단상 점거 주최 쪽 장로 들 몸싸움 소동 조현 종교 전문 기 한겨레 인기 기사 ■ 조용 기 목사
e	e	서인국 박은영 [티브이데일리 박진 영 기 서인국 박은영 남자 눈 폭로 13 일 방송 KBS2 '맘마미아' 서인국 특별 MC 출연 이 날 박은영 눈 것 여자 1 위 등극
s	s	종료 직전 크리스티 안 스투아니 추가골 2 -0 우루과 후반 23 분 니콜라스 로데이로, 33 분 로드리게스 종료 직전 카바니 프리킥 5 -0 대승 마침표 한 편 북중미 오세아니아 대륙간 플레이오프
c	c	의원 11 월 13 일 오후 3 시 검찰 출두 9 시간 조사 귀가 이 날 검찰 조사 김무성 의원 개 적 대화 록 적 강조 700 자 내용 부산
c	c	것 아베 총리 망언 표리부동 행보 예전 지속 ◈ 야스쿠니 신사 망언 아베 총리 8 월 15 일 일 본 8.15 패전 기념일 68 주년 전몰 자 추도식 추도사 역사 겸허
s	s	질서 것 우 이 번 FA 시장 계약 대어 급 강민호 75 억 원 마지노선 구단 금액 요구 가능성 배제 수 FA 몸값 100 억 원 시대
e	e	14 일 서울 송파구 방이동 올림픽공원 체조경기장 2013 멜론뮤직어워드 누드 유출 파문 리 후 첫 공식 무대 눈길
s	s	구단 나 부분 의사 전달 검진 서울 이용 규 KIA 협상 적극 적 것 오늘 구단 통화 지금 협상 하러)광주
c	c	말 의원 10 간 대화 민주 당 김영환 의원 출판기념회 그동안 의원 측 "'안철수 신당 서울시장 후보 것 당연 말 의원 것 처음
c	c	주민 들 14 일 필리핀 중부 타클로반 태풍 현장 음식 물 줄
e	e	퇴출 제목 청원 게재 작 임성한 퇴출 운동 것 1,000,000 명 목표 청원 49 일 상황 8,400 명 이상 서명 오로라 공주 관련 청원 다양
s	s	[OSEN=김태우 기 끝 가능성 SK 정근우(31) FA 협상 난항 가운데 SK 정근 우 마음 마지막 행보 이틀 전망 SK 올해 FA 시장
e	e	면 곳 이후 촬영 계속 관계자 유재석 교통사고 소식 걱정 들 걱정 하시 면 본인 곳 염려
c	c	출처 충청타임즈 경기 충북 일 부 학교비정규직 파업 학교 급식 문제 위 이미지 처럼 아이 들 급식 빵 아이 들 무슨잘못인 아이 들 밥대 빵
s	s	지역 어린이 들 전달 하기 유니세프 관계자 기자 전화통화 외부 김연아 수 기부 사실 "(김연 수 기부 횟수 숫자 것
e	e	방송 비밀 15 회 서로 이별 조민혁 강유 정 모습 강유 정 가족 행복 조민혁 K 그룹 후계자 자리 조민혁 자신 모습 강유 정 강유 정 이별 조민혁 강유 정 이별 여행 끝 각자 길 시작 이때 조민혁 강유 정 마지막 책 자기앞
e	e	[동아닷컴] 도희 명동 프리허그 도희 명동 프리허그 가수 겸 배우 도희 프리허그 공약 이행 도희 14 일 오후 서울 중구 명동 드라마 응답 1994 시청률 공약 실천 프리허그 이벤트 들 도희
e	e	죄송 면 내 녹화 준비중으로바쁜 상황 심경 새 맹승지 13 일 MBC `황금어장-라디오스타` 출연 전 남자 친구 인기 개그맨이었다"며 내
c	c	변경 이 조 목사 불륜 사실 것 15 억 원 입막음 대가 주장 장로 들 조용 기 목사 내연녀였다 배신 내용 정모 여인 책 '빠리 나비부인
e	e	걱정 된다"며 해결되길 수 말 마무리 한 편 이 이연두 세상 촬영 브라 질 현지 촬영 진행 중 브라 질 국립공원 불법 약초 채취 혐의 경찰
c	c	오전 10 시 2 시간 동안 경북 구미 박정희 전 대통령 생가 이 날 탄신 제 김관용 경북도지사, 남유진 구미시장 임춘구 구미 시의회 의장 김태환 새누리당 국회의원(경북 구미 심학 봉 새누리당 의원(경북 구미 갑 등
c	c	S e n s i t i v e M e d i a 내 곳 푸틴 방한 지각 30 분 박근혜 30 년 차 블라디미르 푸틴,글로벌 호구 댓글정부
e	e	머니 투데이 스타 뉴스 이민 인턴 기 사진=KBS 2TV '해피투게더3' 방송 화 걸그룹 미쓰에이 일반 삼촌 팬 수 관련 아이템 도배 패션 14 일 오후 방송 KBS 2TV '해피투게더3' 미쓰
c	c	(전주=연합뉴스) 김진방 기 "안철수 의원 정치 내용 국민 기대 부응 원칙 손학규 민주 당 상임고문 14 일 전북대학교 사회 대학 '독일 대한 민국 특강 안철수
s	s	팔카오 빅토르 이바르보 연속 골 2 -0 승리 국제축구연맹(FIFA) 랭킹 4 위 콜롬비아 랭킹 5 위 벨기에 맞대결 답 양측 축구 스타 들 그라운드 원정 콜롬비아 팔카오, 로드리게스
c	c	갈비뼈16개 만큼 구타ㅡ욕실에들어가게해 울산 계모 사건 네이버 카페 하늘 소풍간아 출처 그동네 주민 학부모를비롯 서명운동 탄원서 진행 중 우리나라 아동학대 법 1961 년 전쟁고아보호를위해만들어진것이라 ㅡ애 맞아죽어
c	c	이참 사퇴 일 본 성인 업소 마사지 논란 이참 한국관광 공사 사 장 사퇴 이참 사 장 15 일 오전 ‘사퇴 변’이란 공식 보도자료 사퇴 뜻 사 장 자신 관련 한 의혹 보도
s	s	다저스 공식 트위터) 현존 최강 에이스 클레이튼 커쇼(25, LA 다저스 생애 두 번 사이영상 커쇼 14일(한국 시각 메이저리그(MLB) 홈페이지 발표 미국야구기자협회(BBWAA) 투표 결과
c	c	충청권 국회의원 의석 수 확대 여 논의 시작 가운데 새누리당 이인제 의원(충남 논산·계룡·금산) 14 일 JTBC 뉴스 9 출연 손석희 앵커 대담 새누리당 충청권 의원 28 명 12 국회 기자회견
e	e	[OSEN=김경주 기 유명 팝가수 비욘세 남편 제 지 별거 고려 중 것 14일(현지시간) 미국 연예 매체 스타 "비욘세 제 지 시험별거(trial seperation 고려 중 보도
c	c	기준 치 최고 260 배 제품 (서울=연합뉴스) 이광철 기 일반 세균수 기준 치 최고 260 배 더치커피(찬물 장시간 추출 커피 서울 시내 유명 백화점 납품 제조업체 등 서울시 적발 서울시 특별 사법 경찰
e	e	화살 리 수 비난 사람 사기단 사진 유포 전 남자 친구 비겁 그 논란 뒤 몸 전 남자 친구 의도 언론 책 그 상황 이것 거 사람 인생 좌우 수 약점 그것 아무 일 의미 테 말 파파라치 사진 인터넷 매체 디스패치 한술 전 남자 친구 자 들 거래 제안 우리 그 수 자랑 기사 그들 면죄부 수 전 남자 친구 불순 의도 이슈 언론 생리 누리 꾼 관음증 삼박자 발 말 사진 천 리 셈 사이 20 대 여자 연예인 눈물
e	e	임성한 퇴출 운동 반대 오로라 공주 찬성 운동 연장 방안 임성한 퇴출 서명운동 확산 50 억 원고료 논쟁 어제 방송 드라마 오로라 공주 123 회 시청률 17. 1 자체 최고 시청률 17. 2 122 회
e	e	뉴스 이지숙 기 응답 1994 여수 소녀 도희 '명동 프리허그' 공약 실천 도희 11 월 14 일 오후 2 시 서울 중구 명동 프리허그 이벤트 도희 10 월 16 응답 1994 공식
e	e	마또그라스 취재 허가 촬영 한데 약초 밀반출 시도 경찰 체포 현지 언론 보도 브라 질 언론 배우 이연두 KBS PD 등 4 명 관광비자 입국 국립공원 불법 적 약초 채취 촬영 신고
s	s	김연 기부 나라 대표 롤모델 우리나라 대표 스포츠 스타 수 인물 김연아 선수인데요 실력 외모 마음 씨 때문 우리나라 사람 절대 적 지 인물
c	c	아베 망언 정한 론 일 본 이웃 용서 일 본 대지 진 때 모금 운동 나라 우리나라 거기 스타 들 위 공연 기부 김연아 수 지진피해 입은
c	c	오전 10 시 2 시간 동안 경북 구미 박정희 전 대통령 생가 이 날 탄신 제 김관용 경북도지사, 남유진 구미시장 임춘구 구미 시의회 의장 김태환 새누리당 국회의원(경북 구미 심학 봉 새누리당 의원(경북 구미 갑 등
c	c	그것 비판 분 해 열린우리당 열린우리당 성원 친노세력들 그 나머지 안철수 신당 비판 자격 야권분열 통합 진보당 정의 당
e	e	머니 투데이 스타 뉴스 이민 인턴 기 사진=KBS 2TV '해피투게더3' 방송 화 걸그룹 미쓰에이 일반 삼촌 팬 수 관련 아이템 도배 패션 14 일 오후 방송 KBS 2TV '해피투게더3' 미쓰
c	c	출처 충청타임즈 경기 충북 일 부 학교비정규직 파업 학교 급식 문제 위 이미지 처럼 아이 들 급식 빵 아이 들 무슨잘못인 아이 들 밥대 빵
s	s	41 분 이근호 크로스 전 쇄도 이청용 헤딩 연결 스위스 골문 이청용 역전 골 힘 한국 계속 공격 등 주도권 경기 승리 경기 마무리 지 ■
e	e	성형 떳떳 번 두 번 확인 사살 마음 상처 수 부분 라디오 스타 맹승지 남자 친구 공개 자폭 이유 한 편 MC 들 맹승지 전 남친 유명 개그맨 폭로
c	c	S e n s i t i v e M e d i a 내 곳 푸틴 방한 지각 30 분 박근혜 30 년 차 블라디미르 푸틴,글로벌 호구 댓글정부
c	c	갈비뼈16개 만큼 구타ㅡ욕실에들어가게해 울산 계모 사건 네이버 카페 하늘 소풍간아 출처 그동네 주민 학부모를비롯 서명운동 탄원서 진행 중 우리나라 아동학대 법 1961 년 전쟁고아보호를위해만들어진것이라 ㅡ애 맞아죽어
s	s	마지막 협상 테이블 마련 이용 규 재계 약 정성 우선협상 마지막 날 16 일 양측 합의 이용 규 FA 시장 나 시장 평가 한국 최고 수준 리드 오프 그
c	c	【서울=뉴시스】배민욱 박세희 기 민주 당 문재 의원 15 일 검찰 2007 년 남북정상회담 회의록 폐 의혹 수사 결과 신중론 말 의원 이 날 오후 국회 본회의 기자 들 당 노무 현
c	c	앵커 일 본 성 업소 출입 의혹 제기 이참 한국관광 공사 사 장 전격 사퇴 사 장 JTBC 첫 보 이후 허위 사실 반박 의혹 증폭 서복현 기자 기자
c	c	(서울=연합뉴스) 김태식 기 변영섭 문화재 청장 전격 경질 15 일 문화재 청 관계 등 청와대 숭례문 부 복구 등 문화재 보수 사업 관리 부 등 책 변 청장 경질 키 본인 통보
c	c	15 억 원 교회 재정 것 추정 설명 '빠리 나비부인 정씨 적 소설 정씨 책 1993 년 파리 국립 오페라단 소프라노 시절 조 목사 불륜 증언 것 이 △조용기 목사
s	s	호수 비 역전 8 회 이승엽 일 이승엽 2 -2 맞선 8 회 2 사 1 2 루 좌완 주니오르 오베르토 상대 우측 담장 3 점 홈런 삼성 9 회 지 투입 경기 매조졌다
s	s	강민호 계약 조건 올해 FA 시장 수 몸값 추이 기준점 수 때문 장원 삼 삼성 잔류 우선 프로 뒤 처음 FA 권리 FA 권리 생각 말
c	c	기준 치 최고 260 배 제품 (서울=연합뉴스) 이광철 기 일반 세균수 기준 치 최고 260 배 더치커피(찬물 장시간 추출 커피 서울 시내 유명 백화점 납품 제조업체 등 서울시 적발 서울시 특별 사법 경찰
c	c	충청권 국회의원 의석 수 확대 여 논의 시작 가운데 새누리당 이인제 의원(충남 논산·계룡·금산) 14 일 JTBC 뉴스 9 출연 손석희 앵커 대담 새누리당 충청권 의원 28 명 12 국회 기자회견
e	e	가창력 치 오차 환상 호흡 이 감탄 한 편 이 날 뮤직 뱅크 다비 치 미쓰에이, 트러블 메이커 케이윌, 샤이니, 유키스, 언터쳐블, 방탄 소년단 앤씨아, 유성 엔소닉, 피에스타
